--plan

INSERT INTO public.plan (product_id, shop_name, plan_cnt,plan_date) VALUES
     (1, 'DNS', 50,'2022-01-31' )
    ,(2, 'MVIDEO', 25,'2022-01-31')
    ,(3, 'SITILINK', 30,'2022-01-31')

    ,(1, 'DNS', 40,'2022-01-31' )
    ,(2, 'MVIDEO', 30,'2022-01-31')
    ,(3, 'SITILINK', 10,'2022-01-31')

    ,(1, 'DNS', 5,'2022-01-31' )
    ,(2, 'MVIDEO', 15,'2022-01-31')
    ,(3, 'SITILINK', 4,'2022-01-31')
    ;

--shop_dns

INSERT INTO public.shop_dns(date, product_id, sales_cnt ) VALUES
     ('2022-01-08', 1, 4)
    ,('2022-01-16', 1, 3)
    ,('2022-01-25', 1, 4) --1 МЕСЯЦ 1 ПРОДУКТ

    ,('2022-01-09', 2, 1)
    ,('2022-01-18', 2, 5)
    ,('2022-01-19', 2, 2)
    ,('2022-01-28', 2, 1) --1 МЕСЯЦ 2 ПРОДУКТ

    ,('2022-01-22', 3, 2)
    ,('2022-01-23', 3, 3)
    ,('2022-01-25', 3, 5) --1 МЕСЯЦ 3 ПРОДУКТ-
    
    ,('2022-02-09', 1, 1)
    ,('2022-02-11', 1, 1)
    ,('2022-02-28', 1, 3)--2 МЕСЯЦ 1 ПРОДУКТ

    ,('2022-02-06', 2, 3)
    ,('2022-02-07', 2, 1)
    ,('2022-02-08', 2, 1)--2 МЕСЯЦ 2 ПРОДУКТ

    ,('2022-02-09', 3, 5)
    ,('2022-02-14', 3, 4)
    ,('2022-02-18', 3, 2)--2 МЕСЯЦ 3 ПРОДУКТ

    ,('2022-03-03', 1, 1)
    ,('2022-03-08', 1, 2)
    ,('2022-03-15', 1, 1)--3 МЕСЯЦ 1 ПРОДУКТ

    ,('2022-03-08', 2, 2)
    ,('2022-03-14', 2, 2)
    ,('2022-03-24', 2, 2)--3 МЕСЯЦ 1 ПРОДУКТ

    ,('2022-03-17', 3, 1)
    ,('2022-03-19', 3, 2)
    ,('2022-03-31', 3, 4)--3 МЕСЯЦ 1 ПРОДУКТ
    ;

--shop_mvideo

INSERT INTO public.shop_mvideo(date, product_id, sales_cnt ) VALUES
    ('2022-01-07', 1, 2)
    ,('2022-01-15', 1, 1)
    ,('2022-01-28', 1, 4) --1 МЕСЯЦ 1 ПРОДУКТ

    ,('2022-01-07', 2, 1)
    ,('2022-01-15', 2, 1)
    ,('2022-01-17', 2, 1)
    ,('2022-01-19', 2, 1) --1 МЕСЯЦ 2 ПРОДУКТ

    ,('2022-01-11', 3, 8)
    ,('2022-01-14', 3, 3)
    ,('2022-01-19', 3, 3) --1 МЕСЯЦ 3 ПРОДУКТ-
    
    ,('2022-02-03', 1, 4)
    ,('2022-02-15', 1, 5)
    ,('2022-02-17', 1, 2)--2 МЕСЯЦ 1 ПРОДУКТ

    ,('2022-02-06', 2, 3)
    ,('2022-02-11', 2, 1)
    ,('2022-02-19', 2, 1)--2 МЕСЯЦ 2 ПРОДУКТ

    ,('2022-02-05', 3, 4)
    ,('2022-02-14', 3, 2)
    ,('2022-02-18', 3, 3)--2 МЕСЯЦ 3 ПРОДУКТ

    ,('2022-03-01', 1, 2)
    ,('2022-03-07', 1, 3)
    ,('2022-03-11', 1, 1)--3 МЕСЯЦ 1 ПРОДУКТ

    ,('2022-03-07', 2, 5)
    ,('2022-03-12', 2, 6)
    ,('2022-03-20', 2, 8)--3 МЕСЯЦ 1 ПРОДУКТ

    ,('2022-03-17', 3, 3)
    ,('2022-03-18', 3, 2)
    ,('2022-03-30', 3, 2)--3 МЕСЯЦ 1 ПРОДУКТ
    ;

--shop_sitilink

INSERT INTO public.shop_sitilink(date, product_id, sales_cnt ) VALUES
    ('2022-01-02', 1, 5)
    ,('2022-01-12', 1, 2)
    ,('2022-01-22', 1, 11) --1 МЕСЯЦ 1 ПРОДУКТ

    ,('2022-01-05', 2, 10)
    ,('2022-01-15', 2, 7)
    ,('2022-01-12', 2, 13)
    ,('2022-01-14', 2, 1) --1 МЕСЯЦ 2 ПРОДУКТ

    ,('2022-01-10', 3, 1)
    ,('2022-01-13', 3, 4)
    ,('2022-01-17', 3, 1) --1 МЕСЯЦ 3 ПРОДУКТ-
    
    ,('2022-02-01', 1, 2)
    ,('2022-02-10', 1, 1)
    ,('2022-02-19', 1, 4)--2 МЕСЯЦ 1 ПРОДУКТ

    ,('2022-02-01', 2, 1)
    ,('2022-02-11', 2, 4)
    ,('2022-02-19', 2, 1)--2 МЕСЯЦ 2 ПРОДУКТ

    ,('2022-02-02', 3, 7)
    ,('2022-02-12', 3, 3)
    ,('2022-02-19', 3, 2)--2 МЕСЯЦ 3 ПРОДУКТ

    ,('2022-03-07', 1, 1)
    ,('2022-03-08', 1, 3)
    ,('2022-03-10', 1, 1)--3 МЕСЯЦ 1 ПРОДУКТ

    ,('2022-03-07', 2, 2)
    ,('2022-03-12', 2, 2)
    ,('2022-03-20', 2, 5)--3 МЕСЯЦ 1 ПРОДУКТ

    ,('2022-03-13', 3, 3)
    ,('2022-03-15', 3, 1)
    ,('2022-03-17', 3, 1)--3 МЕСЯЦ 1 ПРОДУКТ
    ;

--product

INSERT INTO public.product(product_id,product_name, price ) VALUES
     (1,'Испорченный телефон' , 1500)
    ,(2,'Сарафанное радио' ,2500)
    ,(3,'Патефон' ,7000);